Filename,Blur Score,Edge Density,Brightness,Entropy,Mean Red,Mean Green,Mean Blue,Std Red,Std Green,Std Blue,Sobel X,Sobel Y,FFT High,FFT Low,LBP Mean,LBP Variance,RMS Contrast,Saturation Mean,Tenengrad,Noise Estimate,Pixel Grid Score,Label
01real.jpg,2874.8093773387372,0.14593505859375,70.63410949707031,5.118968486785889,79.14346313476562,73.05314636230469,35.75978088378906,69.97512671481549,64.68446124961744,30.95261951766724,48.44325256347656,54.25935363769531,7.597253559473636,0.422914371742977,5.0579071044921875,8.776874428382143,60.79897507652318,147.3240966796875,81.08144375613315,10.477032661437988,0.7814567685127258,0
02real.jpg,5287.671505807899,0.17645263671875,97.17579650878906,4.751776695251465,99.36134338378906,97.20901489257812,91.35687255859375,35.44620102240412,34.10688830162554,28.287645886459988,46.334869384765625,51.74102783203125,7.828750783706941,0.3890103138435607,5.306549072265625,10.899618974886835,33.69948196882825,40.44795227050781,80.34520822317174,14.997770309448242,0.9023600220680237,0
03real.jpg,2694.190511399647,0.083251953125,154.47618103027344,4.524741172790527,157.4708251953125,152.7431182861328,155.85531616210938,49.20661001969815,55.62635899578955,64.60763158310114,28.208160400390625,35.316802978515625,7.4736134196665525,0.404695120371069,5.5601043701171875,9.895465833833441,54.47501589022866,37.302886962890625,50.21849839086626,10.010299682617188,0.769287645816803,0
04real.jpg,2022.8936064799782,0.070831298828125,54.29046630859375,4.465604782104492,54.56707763671875,54.25920104980469,54.0302734375,62.66830063628693,60.82541298456201,57.32377594291017,27.441329956054688,33.86851501464844,7.391359554652005,0.41332021921586887,5.5014495849609375,9.017942234640941,60.9551254912949,58.306121826171875,49.26525875598833,8.962604522705078,0.741950511932373,0
05real.jpg,835.1677873802837,0.044769287109375,138.23583984375,4.948724269866943,139.68113708496094,137.19198608398438,139.86985778808594,38.399042650378824,47.81513703396286,62.60498275388849,25.554916381835938,27.111709594726562,6.898249501047366,0.39100268370075814,5.2619476318359375,10.415865249698982,46.096886952871714,53.33390808105469,41.08486067444758,5.4634904861450195,0.6957753896713257,0
06real.jpg,691.2164782823529,0.0360870361328125,93.13674926757812,4.853288650512695,135.48155212402344,72.11224365234375,90.37138366699219,36.0459453480619,45.39525113841225,41.531238223387085,16.544143676757812,21.838821411132812,6.819773090587816,0.3991527863234042,5.3813018798828125,9.66367564885877,39.506297409266026,126.5040283203125,32.32392472844133,5.598115921020508,0.703234851360321,0
07real.jpg,1227.79994017235,0.08319091796875,114.65138244628906,5.31859016418457,120.51620483398438,112.93692016601562,108.08760070800781,58.505379556987705,63.0592667146315,64.48394860548039,40.13255310058594,41.67012023925781,7.082702222174444,0.4094877010386006,4.9439239501953125,7.738692024489865,59.864344293012174,57.63160705566406,63.985756661969,6.997893810272217,0.697175920009613,0
08real.jpg,709.8944801648613,0.0306549072265625,132.45143127441406,4.778204917907715,130.8704071044922,133.87086486816406,129.22451782226562,46.55550597112026,46.78542713458089,45.56199370595992,15.783401489257812,24.799026489257812,6.924362164649595,0.39462349770735966,5.3686065673828125,9.847664965083823,46.47523403521195,19.565582275390625,32.98206014617423,5.510578155517578,0.7020375728607178,0
09real.jpg,1155.9245828650892,0.0537872314453125,90.92977905273438,5.097228050231934,85.77565002441406,90.157470703125,108.39028930664062,72.81988444796582,63.24061326676524,60.257293535813155,27.574234008789062,39.17936706542969,7.127969126978962,0.4107714020447778,5.1134033203125,9.29127787053585,63.835755458642424,117.51744079589844,53.22859507758566,6.525582313537598,0.68292635679245,0
10real.jpg,3376.2053816160187,0.10858154296875,67.96495056152344,4.503620147705078,61.788970947265625,69.59671020507812,75.8084716796875,25.363835467046563,27.174796963482436,28.7964992982508,39.01887512207031,31.048782348632812,7.397235298224111,0.3854696647234896,5.3129730224609375,10.991693272953853,26.533045046179765,56.35162353515625,53.0791915382262,10.242460250854492,0.8501442074775696,0
11real.jpg,2320.936044972157,0.1149139404296875,132.52647399902344,4.905205726623535,147.6019287109375,130.20462036132812,104.918212890625,69.01056082977013,72.45104927910938,67.65887760363442,33.98394775390625,40.609130859375,7.43115394017977,0.4154247096703396,5.3251495361328125,9.027441231301054,69.83966449220124,88.45423889160156,59.6070652822853,9.01225471496582,0.7267205715179443,0
12real.jpg,2843.4573844335973,0.0680389404296875,40.5614013671875,4.401328086853027,39.69679260253906,40.522369384765625,43.24824523925781,49.88290242717268,50.07181445565674,49.467222871139334,31.01348876953125,41.157440185546875,7.542954813264249,0.42009076618844765,5.53826904296875,6.845093097537756,49.73933410114406,57.55171203613281,59.79786444660857,11.146149635314941,0.7804153561592102,0
13real.jpg,3416.936395100318,0.1620635986328125,128.37429809570312,5.228618144989014,136.98635864257812,125.73674011230469,119.45111083984375,69.93749277882273,76.59174495044284,79.89134823731975,69.59907531738281,64.50224304199219,7.693194301820329,0.44144696370270403,5.09246826171875,6.663385655730963,73.81739138116653,60.06651306152344,105.67343497030413,11.619474411010742,0.7391536235809326,0
14real.jpg,2998.392572410172,0.0941925048828125,133.7913360595703,5.1699538230896,140.96847534179688,131.38583374023438,127.31048583984375,52.44088859590572,58.33087592292629,60.588629281393835,55.62275695800781,31.800247192382812,7.543696237207834,0.4200499802773382,5.1401824951171875,9.848528189351782,54.09879865466995,48.38584899902344,71.5914236485436,11.504851341247559,0.779144287109375,0
15real.jpg,1913.684068536153,0.0726318359375,127.67822265625,5.210277557373047,137.01963806152344,125.96865844726562,111.97102355957031,67.40467735445264,66.23352394348882,62.39733462061715,57.24531555175781,35.99314880371094,7.274392532898551,0.424560925120257,5.120849609375,8.84574693441391,65.94288572580751,63.64613342285156,78.29051691849244,9.70833969116211,0.716334342956543,0
16real.jpg,3344.1886896034703,0.0988311767578125,127.4151611328125,5.306970596313477,179.45350646972656,108.08749389648438,90.31242370605469,53.78304397588215,59.07885803849263,68.51644411883898,49.56489562988281,44.30842590332031,7.606021887350867,0.42749634670777803,5.3858184814453125,6.2717221023049206,56.34578491475279,145.38531494140625,79.2985398045621,12.416128158569336,0.7677310109138489,0
17real.jpg,1681.5560302585363,0.133453369140625,60.75831604003906,4.7091450691223145,78.00718688964844,56.25712585449219,38.67274475097656,47.75961025093417,40.88118371364728,38.77262097197593,27.191543579101562,61.90916442871094,7.1108378386744135,0.41529593928365943,5.402557373046875,6.659755422733724,40.5227775981456,142.01576232910156,75.58551034105663,9.383581161499023,0.7745596766471863,0
18real.jpg,4744.118536292575,0.1514129638671875,124.95237731933594,5.382730007171631,129.0453643798828,128.5263214111328,95.54920959472656,73.22727599580033,75.91588219853318,85.19006955464494,53.54203796386719,70.69325256347656,7.792351025741172,0.43549661397430695,4.973663330078125,7.095467268489301,74.39628297786832,93.71476745605469,100.71267157321735,13.700413703918457,0.7631004452705383,0
19real.jpg,3619.154275843641,0.06964111328125,93.533447265625,5.038504600524902,102.51036071777344,91.58280944824219,80.69523620605469,44.228347043592386,39.77309079926852,37.09272610754456,34.951080322265625,41.62298583984375,7.65644324650543,0.4125058280404629,5.3448028564453125,10.923972928663716,40.16239478376197,54.06816101074219,61.16821921011607,11.549219131469727,0.8143310546875,0
20real.jpg,206.58618148323148,0.036468505859375,88.28152465820312,4.649522304534912,87.34269714355469,88.65371704101562,88.85679626464844,30.70906589233861,31.127590688591987,34.041316573,20.658584594726562,21.976272583007812,6.356885466136134,0.3908322580243917,4.9874114990234375,7.180459815775976,30.76221945774448,44.68951416015625,34.472657197888125,3.0024447441101074,0.6729090809822083,0
21real.jpg,7612.932689964538,0.188995361328125,126.78280639648438,5.245819091796875,142.39083862304688,123.06924438476562,104.86857604980469,51.4225671439801,55.14430418078453,56.045724327714524,60.56556701660156,78.63179016113281,8.000298783631406,0.42654287080281444,5.1467132568359375,8.79224169976078,53.70955260519231,79.63632202148438,114.4975096450723,17.41852569580078,0.8253313899040222,0
22real.jpg,788.4529659962282,0.0468597412109375,108.81202697753906,5.000479221343994,104.11201477050781,113.13705444335938,98.8858642578125,70.35124591083155,61.075319033065064,62.49286241763699,21.062042236328125,29.782806396484375,6.950053253735186,0.3953554650579021,5.2070159912109375,10.097845673328266,42.91509458247424,156.05157470703125,41.25566364212023,5.5173845291137695,0.7144745588302612,0
23real.jpg,2633.606613635784,0.1207275390625,94.24267578125,5.250298976898193,97.3116455078125,93.56529235839844,89.68046569824219,56.20190067969553,55.01590576645443,54.42206812967445,39.11973571777344,50.27659606933594,7.489992913287764,0.41291229488755987,5.11322021484375,9.994261261075735,54.99032486650883,36.93373107910156,70.91380895034136,9.755008697509766,0.7570496797561646,0
24real.jpg,5995.079414382344,0.265411376953125,144.3222198486328,5.146669864654541,146.33880615234375,144.50001525878906,138.0222930908203,46.651184607999575,46.38944087407081,47.622070932083794,55.65046691894531,86.18144226074219,7.868319850831213,0.4141743375681433,5.016510009765625,9.648103884421289,45.68516518838523,44.807220458984375,113.82997023076607,15.1745023727417,0.8513380885124207,0
25real.jpg,9628.425885487115,0.1690521240234375,100.84275817871094,5.29746150970459,117.52017211914062,93.83761596679688,93.245849609375,72.67711701910018,65.46029133964608,60.56290096262425,91.51853942871094,77.85667419433594,8.14116089193107,0.4411011090525012,5.1793365478515625,9.708088036393747,64.42151860261643,69.15036010742188,141.09104458649205,20.101228713989258,0.8225727081298828,0
26real.jpg,2411.3711411838885,0.141448974609375,128.96498107910156,5.123218536376953,173.19810485839844,117.09127807617188,74.12666320800781,56.12725526551567,50.53348933660349,65.74604438154742,45.59971618652344,57.21327209472656,7.492607773908057,0.42505802914872376,4.9622802734375,8.3145562261343,47.56192198819674,146.98822021484375,80.87357083671554,9.334897994995117,0.7434855699539185,0
27real.jpg,1811.1074610268697,0.0733642578125,93.10934448242188,5.210339069366455,97.25665283203125,92.14309692382812,87.30247497558594,58.18325650539427,57.7933863089254,52.61622688412082,25.032745361328125,41.375579833984375,7.288358644636851,0.41443624697319376,5.2115631103515625,9.69472774467431,56.94552343890984,44.93836975097656,53.04811928574334,8.152693748474121,0.7178823351860046,0
28real.jpg,2037.591583176516,0.1096343994140625,117.05574035644531,5.2510786056518555,143.824951171875,106.58155822753906,100.77409362792969,54.517815691577546,52.29597284213116,50.5377162865174,35.64228820800781,38.70228576660156,7.3875963329894905,0.40585283258844496,5.0131988525390625,8.13469822681509,49.917872825392685,93.67889404296875,59.58764319344833,8.667729377746582,0.7547723054885864,0
29real.jpg,5547.8402507992,0.0891571044921875,85.38534545898438,5.209643840789795,102.36221313476562,78.77133178710938,74.93017578125,70.98780092389536,53.30598382028082,49.473637889425746,43.25065612792969,56.08897399902344,7.871685555163864,0.4311355949728134,5.3376007080078125,10.371728276601061,55.88428947300512,69.85667419433594,79.80031635201686,14.965877532958984,0.8277172446250916,0
30real.jpg,203.92282278067432,0.00543212890625,59.04838562011719,4.497313022613525,73.63032531738281,54.27374267578125,45.718841552734375,66.48920036240325,47.684452313457506,36.0155308123456,7.7193603515625,14.742431640625,6.241595847874364,0.3432695346529526,5.395538330078125,9.872235952876508,50.577293779070295,92.35360717773438,18.434069092330844,2.8921310901641846,0.7332145571708679,0
31real.jpg,10512.649486646056,0.1827239990234375,165.21347045898438,4.182703018188477,168.53189086914062,164.02720642089844,162.55267333984375,32.84527551781634,33.523081668643016,30.597206220441176,47.75831604003906,68.14213562011719,8.085142908319494,0.396920353393887,5.2598419189453125,10.905123168369755,32.759577286588325,20.299667358398438,96.5544668497229,20.71287727355957,0.9122763276100159,0
32real.jpg,3112.4872182176914,0.0515899658203125,165.5511016845703,4.4233222007751465,168.29931640625,164.94802856445312,161.23226928710938,27.889060981558526,29.063101415893186,28.85203329735245,19.86749267578125,24.244964599609375,7.496445531724843,0.36047320457904053,5.5593414306640625,11.209399737184867,28.728951847611242,11.631454467773438,35.0975910515593,10.655251502990723,0.877906084060669,0
33real.jpg,1851.4841028095689,0.0414276123046875,149.05148315429688,4.653564929962158,151.9075469970703,148.5629119873047,143.8297882080078,39.77637855492296,41.50838828994994,42.545198759585354,17.84478759765625,20.11102294921875,7.291604911412373,0.3659722929522487,5.446685791015625,11.168452761135995,41.077099447216845,16.48126220703125,30.574582875232807,8.18868637084961,0.8254390954971313,0
34real.jpg,14725.787922367454,0.2781982421875,137.9534912109375,5.381711006164551,161.6623077392578,131.44354248046875,109.25563049316406,62.34989121495494,63.94976899022142,65.21999448796879,94.22451782226562,107.8406982421875,8.303036382070445,0.43205702378721644,5.001953125,9.50442123413086,60.90621345295306,104.06541442871094,162.07133277886595,22.82631492614746,0.8569340109825134,0
35real.jpg,4198.64215895161,0.10736083984375,164.07806396484375,4.757193088531494,147.49607849121094,167.59490966796875,189.5099334716797,47.37178209668781,40.01054465767394,62.036849550156504,41.22395324707031,51.67289733886719,7.745196892037051,0.42346399693905845,5.4739532470703125,9.59520779713057,38.568141852175124,92.69740295410156,76.30635176615365,12.9104585647583,0.8133432269096375,0
36real.jpg,9360.067134488141,0.20196533203125,45.57476806640625,4.634371280670166,51.79191589355469,43.449188232421875,40.34063720703125,44.96507185273553,38.98720649723976,32.95432047207637,62.72926330566406,71.80796813964844,8.096402246037588,0.41601516387521253,5.18994140625,9.892785787582397,39.69543313084303,75.05062866210938,106.87098465458084,18.367382049560547,0.885979413986206,0
37real.jpg,8692.99009113363,0.178253173828125,96.720458984375,5.272266387939453,102.4482421875,96.03369140625,85.31179809570312,73.51413143963654,61.36287998206923,76.27174689860499,48.4508056640625,93.19635009765625,7.976379490264041,0.42073535602880974,5.3155364990234375,9.185669261729345,62.621831063272715,143.0011444091797,119.83658762030916,19.778667449951172,0.8462246656417847,0
38real.jpg,6139.7102260952815,0.150787353515625,69.94610595703125,4.959482192993164,83.29214477539062,65.62594604492188,57.18971252441406,54.566441707459916,43.78467279118142,43.119133910988495,49.77864074707031,61.33970642089844,7.89282904820399,0.4195006829343617,5.22698974609375,10.18947296962142,43.19625702047131,86.37899780273438,88.99561005548229,15.068714141845703,0.8380442261695862,0
39real.jpg,1782.825727906078,0.0595703125,127.06071472167969,4.533365726470947,120.59663391113281,137.92242431640625,88.00205993652344,54.13876090559552,56.47049443753542,67.80362448233943,28.6885986328125,30.14642333984375,7.250870242193467,0.40078408364447293,5.4853363037109375,10.364866763120517,51.75758540871797,102.99957275390625,50.51380746434849,9.219993591308594,0.780607283115387,0
40real.jpg,2233.9045591910835,0.083709716796875,116.1683349609375,5.224483013153076,125.47244262695312,114.06500244140625,102.60237121582031,51.52078127505933,52.38987722234682,52.067062444229265,39.71221923828125,38.59918212890625,7.471968968833929,0.42216311366821646,5.15069580078125,9.260097172111273,51.72790511644037,50.67085266113281,63.484459758752116,9.383415222167969,0.7413121461868286,0
41real.jpg,1032.1546902200207,0.033782958984375,45.15034484863281,4.325437545776367,51.87403869628906,43.19306945800781,37.55999755859375,46.52661735915777,44.64796896836281,41.722532104402795,17.951919555664062,24.624404907226562,7.07410571086478,0.4147307690860519,5.484771728515625,8.895062289200723,44.48202522843986,96.02476501464844,34.353830924293376,6.389882564544678,0.7247223854064941,0
42real.jpg,12030.369047161192,0.1406097412109375,70.82308959960938,4.948645114898682,74.51351928710938,69.957763671875,65.58110046386719,50.74200918076208,49.35090069782249,47.438443253324984,62.903594970703125,62.256378173828125,8.193642625181997,0.42423620635223824,5.2078704833984375,9.693865667795762,49.22049924049604,49.34275817871094,99.94856593096779,20.470365524291992,0.8627697229385376,0
43real.jpg,3675.6363697925117,0.1040191650390625,122.57929992675781,5.300769329071045,130.9533233642578,125.20243835449219,87.03521728515625,75.04235378574607,60.590938508865655,60.88708811195847,37.920562744140625,61.509490966796875,7.693526832560588,0.4235707117220275,5.106109619140625,9.044648951850832,53.16309782232915,128.33619689941406,80.66017948780538,12.100655555725098,0.7819023728370667,0
44real.jpg,6719.487111756345,0.210479736328125,83.30842590332031,4.998963356018066,89.63044738769531,81.22792053222656,77.48126220703125,43.2905356558752,41.55664618800295,42.59559041690114,61.05206298828125,69.30975341796875,7.931260453310123,0.41688842502882806,5.18157958984375,10.403613325208426,40.88217404133432,61.713653564453125,105.87884567361222,15.969551086425781,0.8544007539749146,0
45real.jpg,3408.629828389734,0.119049072265625,123.83064270019531,5.188742637634277,152.515869140625,112.44606018066406,107.14767456054688,51.40597179708597,64.01236811852614,61.36826100146356,39.46891784667969,56.49409484863281,7.634907680938862,0.41932482830944484,5.079071044921875,9.213260709308088,55.65286966735361,91.78364562988281,76.67707153024509,11.122237205505371,0.7652604579925537,0
46real.jpg,11040.76588217821,0.137115478515625,53.4091796875,4.6298136711120605,54.12284851074219,53.85963439941406,49.19816589355469,67.5888776157902,65.44095142975969,64.48882740094518,57.39207458496094,71.57142639160156,8.173846190526378,0.4373486183145313,5.3439178466796875,10.281424494227394,65.78856168510347,78.62229919433594,102.58595633660356,19.787660598754883,0.8311991691589355,0
47real.jpg,2363.877502664691,0.1160125732421875,102.400390625,5.152255058288574,107.01109313964844,102.14474487304688,91.67265319824219,53.71516303479904,47.68407790082052,48.27177837874566,46.618072509765625,52.58514404296875,7.517169389506412,0.43024902452955166,4.8320159912109375,7.200098633533344,48.20970119337033,69.18705749511719,79.0085457588677,9.49939250946045,0.75467449426651,0
48real.jpg,3579.6577298638877,0.11224365234375,145.951171875,5.077182769775391,145.49267578125,147.0074005126953,141.6305389404297,49.40809815851017,47.21238469248659,44.98053527992842,31.06005859375,70.20370483398438,7.5518141533555045,0.41705976326516025,5.222869873046875,9.276348306797445,47.28777982672862,25.535537719726562,85.86942001177161,13.015097618103027,0.7881908416748047,0
49real.jpg,1372.689678501105,0.1272430419921875,103.62501525878906,5.38321590423584,108.72804260253906,101.95285034179688,98.99351501464844,59.06605761642107,60.288404491421936,58.48214008811403,37.96980285644531,51.97325134277344,7.248498627275398,0.4214167452071471,4.836883544921875,7.020359574817121,59.496422123121384,35.031982421875,71.30235558193948,7.310705184936523,0.6960181593894958,0
50real.jpg,906.6648142428603,0.055816650390625,125.29000854492188,5.042972087860107,114.98690795898438,129.18365478515625,131.78512573242188,48.90765129517834,48.849107293459845,63.036488473717,21.163314819335938,34.56828308105469,6.980403130956409,0.39921770071140594,5.02093505859375,7.901752885431051,50.237700684771596,64.01524353027344,45.28082546961617,6.233885765075684,0.719892144203186,0
51real.jpg,2762.01249580062,0.1365966796875,129.441650390625,5.3764872550964355,135.6212615966797,127.31056213378906,124.31513977050781,61.288219044720336,58.27337755362653,56.6020407937036,44.82905578613281,60.82817077636719,7.555952998272676,0.4298914473411639,4.9188232421875,7.287721857428551,58.323340206160644,45.944915771484375,85.22300715263273,10.32266902923584,0.7295137047767639,0
52real.jpg,846.1147760748863,0.0649261474609375,203.23121643066406,3.529690742492676,200.3545379638672,201.1709442138672,221.59768676757812,19.412347961899226,19.365432015656246,18.75563091281334,19.499053955078125,22.5491943359375,6.638720676848611,0.3820348366957354,5.894134521484375,6.161430439911783,19.297349982066322,24.941741943359375,36.04071397997403,6.764100551605225,0.7998369336128235,0
53real.jpg,679.0519206067547,0.0819854736328125,101.1854248046875,5.161330223083496,107.16891479492188,100.24798583984375,90.31938171386719,46.27864533909811,48.6165961502121,53.58426882089542,30.584869384765625,43.430450439453125,6.810552459888018,0.4173555073941771,4.955841064453125,6.322879089973867,47.42801435202808,61.566131591796875,61.38969015481188,5.834677219390869,0.6829878687858582,0
54real.jpg,2587.797429604223,0.1401519775390625,90.13104248046875,5.202569007873535,92.42762756347656,89.02499389648438,89.79306030273438,63.864947009776905,54.53845804628256,57.24962918805658,40.62278747558594,74.25187683105469,7.44169998786433,0.42439584304491285,4.9276123046875,7.262582287192345,54.81822080533847,76.38331604003906,96.43047464261012,11.149099349975586,0.7628762125968933,0
55real.jpg,4197.906577050686,0.118011474609375,95.36582946777344,5.217421531677246,114.06648254394531,91.46405029296875,66.38510131835938,60.23358935418116,51.668966684654315,44.56991653478387,53.49815368652344,44.59431457519531,7.7115979497604545,0.4162832516474209,5.006866455078125,8.04670578148216,52.666648094505405,114.69612121582031,80.35926112605966,12.799241065979004,0.787728488445282,0
56real.jpg,3014.812758885091,0.0960845947265625,103.1341552734375,5.256680488586426,118.55642700195312,97.56063842773438,91.4361572265625,67.23052008132183,57.510085178150256,53.18316910773319,38.77850341796875,48.32379150390625,7.6197165394777695,0.42456473127500194,4.982635498046875,6.71399290766567,56.14116512463971,74.19216918945312,68.8548273391616,10.563885688781738,0.7546261548995972,0
57real.jpg,4611.6110654613,0.167694091796875,139.7618865966797,5.319873332977295,148.43919372558594,135.5039825439453,138.94720458984375,56.27806316117377,54.075863278016314,53.43285760394629,57.355316162109375,68.2318115234375,7.777130396351638,0.43174737994205087,4.947052001953125,8.719303443096578,53.446522624440725,40.9849853515625,100.20869541191323,13.629029273986816,0.7739167809486389,0
58real.jpg,5707.071970624616,0.1331634521484375,66.91810607910156,5.034341812133789,89.20680236816406,57.72259521484375,55.852996826171875,86.6550910249055,59.043299776408176,77.73588838942572,51.758209228515625,74.33932495117188,7.893626156540917,0.4366785266628558,5.17730712890625,9.333674486726522,66.62084209075142,163.84950256347656,100.87086990435758,14.797823905944824,0.7940702438354492,0
59real.jpg,1430.865960960975,0.1454315185546875,73.77079772949219,5.181112289428711,81.40078735351562,79.67021179199219,23.39501953125,78.17122977120056,58.65811715670415,29.676967635798963,52.72593688964844,54.74812316894531,7.273243178186134,0.4316674858876623,4.7725982666015625,6.5036320795770735,57.693512231864474,171.9933624267578,84.4541579200278,7.626357555389404,0.7039549350738525,0
60real.jpg,991.9714214652777,0.081085205078125,143.563720703125,5.109095573425293,161.48031616210938,140.68226623535156,111.2882080078125,51.25673733346347,48.25843710857232,61.21232054201019,31.828018188476562,39.80879211425781,7.107321511079633,0.42393682173358715,5.1651611328125,8.170567259192467,44.78428144968904,88.04917907714844,56.34690753980602,6.197182655334473,0.6908830404281616,0
20240508_152453.jpg,10328.630187628558,0.126708984375,102.4024658203125,5.122501373291016,103.28805541992188,101.690673828125,103.81466674804688,74.18569741914126,74.39546676892792,71.20928958584791,65.61802673339844,51.67625427246094,8.03705300925751,0.3973339792598688,5.2668304443359375,11.019179321592674,73.84405897843078,32.88165283203125,98.0666434545891,20.726428985595703,0.8746911287307739,1
20240508_213240.jpg,3867.899534808239,0.119781494140625,90.23164367675781,5.1706953048706055,90.57521057128906,86.28132629394531,109.63041687011719,51.86279613471252,53.53113287320603,60.72387627526573,37.86647033691406,49.15104675292969,7.60204071496436,0.3940841005755738,5.3011016845703125,10.564687506994233,53.671381800599555,62.075897216796875,71.13729688409941,12.836265563964844,0.8453992605209351,1
20240618_122345.jpg,3387.614512862405,0.069488525390625,132.31802368164062,4.5045952796936035,130.5279541015625,132.37330627441406,136.83865356445312,70.20095740071874,66.83607654296424,60.54409619666949,27.598037719726562,38.13200378417969,7.565923781690659,0.4020220021856782,5.4278106689453125,10.799476200481877,66.54744109549095,58.1920166015625,55.0150993223881,11.723477363586426,0.803135871887207,1
20240801_110256.jpg,7136.338958821259,0.1013336181640625,76.00479125976562,4.639269828796387,67.298583984375,76.42774963378906,96.82197570800781,74.80302903968848,74.75325846068398,67.43505357046305,49.42060852050781,44.05656433105469,7.941952928006563,0.4178381292474174,5.3511810302734375,11.2263575529214,73.1546014320795,123.65821838378906,75.2223648279857,16.57770347595215,0.822709858417511,1
20240830_232213.jpg,13350.698421206325,0.1501922607421875,74.91441345214844,5.134439468383789,59.55718994140625,76.80128479003906,105.45713806152344,66.24778929876408,66.75068522837701,74.67114340217435,61.71363830566406,89.64802551269531,8.190118120378163,0.41279628746738956,5.3175201416015625,10.341731618857011,65.03855420984907,114.11598205566406,125.05354292677526,22.89116668701172,0.8679328560829163,1
20241002_101025.jpg,2823.087023167871,0.055511474609375,110.63768005371094,5.107807159423828,114.01095581054688,108.95387268066406,110.38594055175781,55.79404398177503,59.63488502790005,61.32903977788586,30.837722778320312,33.22138977050781,7.4931364417026725,0.38460334502349813,5.3060150146484375,11.190915968036279,58.31536363809992,51.09864807128906,52.94671891368965,10.648759841918945,0.8175475597381592,1
20241007_201104.jpg,7146.643011433771,0.08306884765625,77.12458801269531,4.903748512268066,70.08290100097656,77.70364379882812,92.63323974609375,37.03287686773693,42.50225970731136,59.15066488095123,32.175048828125,44.084197998046875,7.894839108310863,0.3962040592075167,5.3638458251953125,11.17668298794888,40.430830625988456,99.364990234375,63.43137847963315,16.575227737426758,0.8855413198471069,1
20241123_154323.jpg,2480.808692890918,0.0627593994140625,107.57098388671875,4.948068141937256,112.6368408203125,105.14791870117188,106.77377319335938,45.4813259179618,43.326911776856434,43.21043323016818,29.371994018554688,22.095779418945312,7.3654131405174414,0.38385488857549777,5.3724212646484375,10.804188754176721,43.28441644677026,32.7393798828125,42.55812971391447,9.27538776397705,0.8000213503837585,1
20241217_100416.jpg,2483.162314622663,0.1486663818359375,149.07012939453125,4.940303802490234,150.34681701660156,148.3247833251953,149.71310424804688,35.67747005390181,35.72051639531749,35.24060707989981,60.78025817871094,26.428695678710938,7.355995010587947,0.39219154257349514,5.20989990234375,10.43851649388671,35.39062881253919,18.0531005859375,74.35042998438053,10.29879093170166,0.8327128887176514,1
20250205_103213.jpg,2077.0784311285242,0.101715087890625,117.33016967773438,4.9136433601379395,119.70750427246094,116.28581237792969,116.33184814453125,54.764238312395086,51.220871320372076,46.56309526779171,30.615707397460938,42.65901184082031,7.368991208070993,0.41116250883970995,5.221038818359375,9.279327875934541,50.93330986356309,43.659149169921875,60.784302370261216,9.161176681518555,0.7405644059181213,1
20250228_094525.jpg,2370.228334642714,0.040679931640625,139.06886291503906,4.931264877319336,141.42178344726562,138.5411376953125,135.79612731933594,42.68189531110816,42.45681922386548,46.8033806806384,24.938018798828125,24.24273681640625,7.401738912794651,0.3902622444225583,5.345428466796875,11.242648168466985,42.00323368914852,27.296463012695312,40.11289665864965,9.280035972595215,0.7921091914176941,1
20250303_001430.jpg,6085.683619538089,0.0982513427734375,117.50311279296875,5.084344863891602,118.10783386230469,116.68890380859375,120.07626342773438,59.967021899439935,59.97069309007252,56.97679426544712,46.10490417480469,42.02693176269531,7.858813939817918,0.4110318832756842,5.354827880859375,11.106458014808595,59.417049430408426,37.889007568359375,72.86077566050463,15.305204391479492,0.8224594593048096,1
20250320_195532.jpg,3365.8899585881736,0.046783447265625,113.02479553222656,5.240184783935547,112.08064270019531,108.87820434570312,137.21107482910156,59.90815938658338,60.179247560660535,65.88156080228181,24.552810668945312,25.566146850585938,7.567169309134096,0.38646721075478363,5.4269561767578125,10.757787158479914,60.62658748566645,60.61585998535156,40.51367983023781,11.177267074584961,0.8335385918617249,1
20250621_175440.jpg,1591.2391409045085,0.076629638671875,136.63963317871094,5.097975730895996,140.7613525390625,135.1510009765625,133.55975341796875,57.871561305462905,57.79197609907161,55.766337785567664,28.60577392578125,39.073699951171875,7.156589130690481,0.40775942270230053,5.3136444091796875,9.580261828145012,57.21640031048323,31.121017456054688,58.27301380472294,8.649558067321777,0.7155432105064392,1
20250811_090700.jpg,3953.814678943716,0.05810546875,138.29104614257812,4.987517356872559,139.81610107421875,136.16183471679688,145.37217712402344,40.37287101682273,40.01189237828579,36.2697572160579,23.544113159179688,31.798965454101562,7.518447832042542,0.3680286996992366,5.4582366943359375,11.15444479114376,39.268099279189876,30.040267944335938,44.93834533314194,12.405625343322754,0.8595133423805237,1
20250913_150848.jpg,1309.7643278071191,0.0629730224609375,151.22998046875,4.878567695617676,153.8190460205078,150.39813232421875,148.9088897705078,43.37174567809575,44.63246787811778,42.67954645521936,16.373992919921875,31.732666015625,7.116285204368319,0.38644383775520585,5.3712921142578125,9.713048537960276,43.7624427294908,17.142379760742188,40.24394219379056,7.4016523361206055,0.7562404274940491,1
20260612_151825.jpg,3138.6885041350033,0.0775909423828125,128.4334716796875,5.1796441078186035,130.30616760253906,128.05816650390625,125.44711303710938,69.28253332288813,68.38254654926797,65.89855451304281,38.05830383300781,34.37705993652344,7.57822096596446,0.40773163358528103,5.2801361083984375,10.194671343779191,67.9885636907605,36.512542724609375,59.42904879226821,10.847378730773926,0.7777916193008423,1
20260630_021116.jpg,4596.943241446279,0.1424713134765625,123.08291625976562,5.033841133117676,121.64559936523438,123.30812072753906,125.69560241699219,71.84062449561982,68.7509813405046,70.55999719770479,52.72242736816406,49.86152648925781,7.734841231411053,0.4131016273684365,5.1468505859375,9.713145598769188,68.74598925546294,56.386260986328125,84.35419624502222,13.39603328704834,0.7939518690109253,1
20260630_021325.jpg,2892.907089205226,0.105560302734375,105.19378662109375,4.925151824951172,106.75482177734375,105.51171875,99.62100219726562,76.30313635024304,75.21203314503319,69.12717410345304,48.57939147949219,33.36149597167969,7.457107795096545,0.41543912075721146,5.2908172607421875,11.196019192924723,74.63319368960394,59.493560791015625,66.51690667437514,10.49256706237793,0.745041012763977,1
20260630_021454.jpg,3085.8682725799736,0.1012725830078125,85.57522583007812,5.260858058929443,83.529052734375,89.16305541992188,72.42048645019531,74.96152034968269,75.45319432293508,58.921857345601,45.918701171875,34.43719482421875,7.5112844416487405,0.41337784232305574,5.1976165771484375,9.783686335897073,73.03332209840099,81.28758239746094,64.07534635330892,10.51777172088623,0.7432817220687866,1
20260630_021534.jpg,1584.2920809229836,0.0715789794921875,27.277114868164062,4.055769920349121,26.177139282226562,27.837677001953125,27.609939575195312,31.815232096916663,31.70319604205201,31.2799475364102,23.727096557617188,25.144851684570312,7.256421260216624,0.3782673364187854,5.5682525634765625,10.147837925469503,31.239009375130493,60.26362609863281,39.58249555337966,8.046799659729004,0.8463428616523743,1
20260630_022941.jpg,8716.315144545399,0.2664794921875,121.57627868652344,5.403364181518555,121.37205505371094,120.48646545410156,127.69233703613281,60.75380505631689,63.937976823625334,63.05006691012215,100.98983764648438,103.62738037109375,7.864256195854897,0.4173702120177253,5.0190277099609375,9.722004279261455,61.79149054583839,69.01934814453125,159.41688142637207,18.799102783203125,0.8374506235122681,1
20260630_023451.jpg,3382.4752519130707,0.2421112060546875,92.05821228027344,5.213329315185547,93.698486328125,91.65208435058594,89.83071899414062,68.66053350531284,66.02354452487248,64.9509451402284,68.37150573730469,67.83583068847656,7.600253515479386,0.4294992882604287,5.03375244140625,9.223653253167868,64.01251514617447,126.41239929199219,107.64852721855962,12.001856803894043,0.7738610506057739,1
20260630_105633.jpg,2747.3702884463128,0.14178466796875,122.838623046875,5.373886585235596,126.91482543945312,120.98031616210938,121.70811462402344,61.93895233097686,62.54845565586912,61.66183930781682,41.8681640625,42.390289306640625,7.460546375968292,0.4078520116898519,5.1505126953125,10.234181866049767,61.844879436444025,51.964080810546875,66.23449824658603,9.665495872497559,0.7555359601974487,1
20260630_105740.jpg,2772.0679097713437,0.1636199951171875,123.93032836914062,5.104353904724121,124.22662353515625,122.89266967773438,128.76974487304688,64.26701921447051,63.7535738119818,62.88566525604217,46.574249267578125,45.102996826171875,7.460931652112172,0.4044658832487407,5.2575225830078125,10.738476430764422,63.48427932412328,50.518524169921875,72.62309712878881,11.162361145019531,0.7943533062934875,1
20260630_110020.jpg,4857.751465067267,0.1877288818359375,160.76510620117188,4.658535957336426,162.5006866455078,159.75241088867188,161.32162475585938,26.551148185851428,35.69090297400585,34.41031938920698,54.63856506347656,49.70991516113281,7.68700468221787,0.4068158036408118,5.195281982421875,11.545269488357008,31.84263973854094,25.553939819335938,82.80697343834504,13.009028434753418,0.8255099654197693,1
20260630_110135.jpg,1767.7084488263354,0.08282470703125,100.85798645019531,5.235902786254883,121.64060974121094,91.68980407714844,93.5150146484375,64.51783639263768,67.35171123580902,65.21553119782757,26.847671508789062,43.62919616699219,7.209913400392848,0.38943308606686766,5.224761962890625,10.141559696756303,64.74175280978356,99.45365905761719,57.03066922774855,8.573872566223145,0.7500792145729065,1
20260630_110342.jpg,3553.1017930225935,0.1424407958984375,136.9884796142578,5.274543285369873,121.03216552734375,138.18496704101562,172.6695556640625,63.14622436192493,55.46854641103231,56.88167429193863,72.08065795898438,49.394256591796875,7.62773936742591,0.42186634573042575,5.0281524658203125,9.199753703316674,55.321986505268505,98.34158325195312,99.4630077336231,12.457125663757324,0.7796046733856201,1
20260630_110513.jpg,1338.6186223754194,0.0717620849609375,122.91693115234375,5.343669891357422,116.68623352050781,120.68722534179688,150.72805786132812,64.50244408288175,54.5013842968867,48.777741732146204,44.66619873046875,33.72833251953125,7.096488785097132,0.41366808538365596,5.0499114990234375,9.170558769023046,55.603140973239874,81.82894897460938,61.83362051766852,7.623324394226074,0.7142645120620728,1
20260630_110616.jpg,1820.4044381377753,0.0628662109375,139.81982421875,5.13313627243042,133.70001220703125,137.02749633789062,170.26104736328125,59.73769264546604,57.7969906946648,52.877142103233155,36.69317626953125,34.693389892578125,7.0540210596115775,0.4092660650389647,5.2693634033203125,10.335356564959511,57.521878332362924,70.17227172851562,60.974969389534756,9.737698554992676,0.7148416042327881,1
20260630_110738.jpg,2628.474267376354,0.0685577392578125,141.79005432128906,5.144412040710449,131.08116149902344,138.28610229492188,187.9163818359375,50.42285356571952,44.45162624854142,45.5081122194451,53.9912109375,35.75994873046875,7.420018723117041,0.4120225374584889,5.0238800048828125,9.677698177983984,45.37511775859029,87.21827697753906,74.11521231493573,10.802753448486328,0.7655946612358093,1
20260630_110906.jpg,1417.74016188737,0.06585693359375,82.90583801269531,5.067758560180664,74.39921569824219,81.50157165527344,112.44580078125,53.9269353314431,56.119326004457456,60.85047590740419,31.97894287109375,22.569610595703125,7.124260438826706,0.3936795110358002,5.3332672119140625,10.915040753548965,55.23558000232276,108.38923645019531,44.739510682538096,7.908588886260986,0.7583110332489014,1
20260630_111111.jpg,6957.832136185607,0.1632843017578125,103.55097961425781,5.244860649108887,101.18731689453125,100.30369567871094,126.42074584960938,60.134952664872685,55.83795351722803,60.77948693447312,52.50361633300781,54.42292785644531,7.85860894637589,0.4125776408520637,5.28900146484375,11.501774784177542,57.42444106685453,73.26832580566406,84.99070519745445,16.44441032409668,0.8406066298484802,1
20260630_111505.jpg,3735.2111217507627,0.173828125,116.70248413085938,5.2366180419921875,117.22767639160156,114.57496643066406,126.29794311523438,71.31877097596156,59.684588097008785,68.73193148158029,54.81544494628906,53.02812194824219,7.542203570837329,0.4204640980820646,5.1580657958984375,10.511560003971681,63.75658033157943,59.505828857421875,86.19667259533387,12.643333435058594,0.7568086981773376,1
20260630_111826.jpg,4106.876368811121,0.2140350341796875,143.96685791015625,5.084003448486328,196.24061584472656,117.92814636230469,140.9357147216797,54.485012790575084,45.895985745871265,57.936538463293,64.2100830078125,63.276275634765625,7.735839528694761,0.4229124827252724,4.951019287109375,9.311260557733476,42.042041992658106,116.98246765136719,101.03648183131418,12.240763664245605,0.8029457330703735,1
20260630_112120.jpg,8636.80527705676,0.133270263671875,153.3277587890625,4.813938617706299,150.64218139648438,153.7012481689453,158.313232421875,60.65669565924594,60.36578535603815,58.797579579892506,55.56658935546875,54.177215576171875,8.00860774742729,0.4050952377510185,5.2696990966796875,11.623780341586098,60.108649712176316,26.211395263671875,88.26941109750494,17.63918685913086,0.8433776497840881,1
20260630_112315.jpg,6388.668860345846,0.162506103515625,132.3677215576172,5.144908905029297,104.01132202148438,135.0327606201172,193.04652404785156,64.3990487637157,45.58833083753128,43.07287475304501,54.58746337890625,75.93118286132812,7.896737028953061,0.419046040478733,5.1468505859375,10.934794768691063,45.68577516538938,113.51583862304688,106.04850788040832,15.748504638671875,0.8450092077255249,1
20260630_112523.jpg,15044.591641053325,0.245819091796875,130.75473022460938,5.3384833335876465,109.45271301269531,133.34173583984375,173.33584594726562,63.53823367818378,57.23179989951146,54.736612716779085,80.104248046875,123.94937133789062,8.23257697694942,0.4277730503511147,5.064208984375,10.261380136013031,56.418981414334574,111.90835571289062,170.92457404073815,25.78384780883789,0.8680568337440491,1
20260630_112956.jpg,12101.004545680247,0.165069580078125,93.84909057617188,4.78251314163208,97.28602600097656,91.88699340820312,94.93792724609375,55.7982977716794,55.87899664575084,54.493215084374384,67.68659973144531,108.87767028808594,8.20705287233211,0.41875618365030653,5.209197998046875,9.86828453745693,55.424100579768265,33.83464050292969,144.54520043531835,22.373226165771484,0.8897141814231873,1
20260630_113110.jpg,3180.8037811480463,0.081146240234375,106.42610168457031,5.043056488037109,124.68849182128906,101.17837524414062,85.4713134765625,67.34565002854953,53.493941888315675,48.320093672021414,36.74858093261719,49.52381896972656,7.594599115531009,0.41874706237400217,5.2323760986328125,9.760774908354506,55.416789057991814,90.63400268554688,72.21452893216575,11.716096878051758,0.7763921618461609,1
20260630_114631.jpg,12044.057074158452,0.2494964599609375,115.956298828125,5.405366897583008,99.30569458007812,122.89524841308594,123.90055847167969,64.97782704216604,65.84008673200664,63.80802077571935,114.49101257324219,79.22300720214844,8.12509645022557,0.4291389261795536,4.999114990234375,9.530577830038965,63.89498592755292,91.13603210449219,157.34462966010142,23.398258209228516,0.8528764247894287,1
20260630_114710.jpg,2333.5021741108503,0.061981201171875,58.180023193359375,4.494405746459961,49.98077392578125,32.92576599121094,209.82920837402344,29.554880017462455,38.17811238860368,52.58122108058734,37.27293395996094,22.500015258789062,7.390470760068575,0.403074353321674,5.3372955322265625,10.070634189760312,32.45176852454355,221.83221435546875,49.20183412383364,10.214263916015625,0.841437816619873,1
20260630_114953.jpg,13615.059399454854,0.26715087890625,94.3101806640625,5.3162946701049805,80.94491577148438,99.13990783691406,104.51751708984375,63.23460751480375,74.75921392247407,71.2389961060297,129.40187072753906,88.97779846191406,8.11437957053968,0.43150089494418614,5.0912628173828125,10.252489579608664,70.22619992999753,102.73727416992188,181.49234800531033,25.969715118408203,0.8398399949073792,1
20260630_115143.jpg,9463.44198840484,0.368072509765625,120.34849548339844,5.34416389465332,100.09100341796875,134.8946075439453,98.60667419433594,64.68749708157094,58.24595831790389,68.31790709218437,165.79653930664062,53.863861083984375,7.959313751074038,0.4115970410794516,4.9459381103515625,9.336020793532953,57.04829311263434,107.43754577636719,185.08468531730801,20.884071350097656,0.8600956201553345,1
20260630_115334.jpg,10661.277534945868,0.3115081787109375,97.17636108398438,5.405178546905518,84.13650512695312,103.56794738769531,98.47369384765625,65.18198130177818,68.19494212690124,62.14065847469624,159.50437927246094,73.21470642089844,8.021859668775335,0.4069617294129625,4.9789581298828125,9.346374256303534,66.15294884330207,83.31422424316406,192.51075372022808,22.423080444335938,0.8653594851493835,1
20260630_115456.jpg,32413.538510552607,0.326812744140625,103.05886840820312,5.4287519454956055,90.28910827636719,111.65145874023438,92.321533203125,68.04495809241324,63.38174897568114,61.7449999374702,143.2309112548828,111.49330139160156,8.610524699052934,0.42186962330407163,5.2384490966796875,11.468608947237954,62.396409866257656,120.36146545410156,204.08500665539958,35.48395538330078,0.9086509943008423,1
20260630_115724.jpg,7304.484485730529,0.313629150390625,119.90090942382812,5.285479545593262,99.8336181640625,127.02023315429688,135.9001007080078,55.44486691106041,63.80069804168662,62.78856321534754,111.81723022460938,92.1746826171875,7.9997851549367684,0.42994074633624046,4.8984375,8.72003173828125,59.40208912599222,98.62841796875,161.26579022100742,16.85367202758789,0.8327324390411377,1
20260630_115846.jpg,10506.55257647857,0.325439453125,124.29014587402344,5.368686199188232,114.54751586914062,125.73507690429688,142.39466857910156,55.61126773138374,69.71720289130495,59.42739578796404,149.74993896484375,72.00726318359375,8.102712794778416,0.4316296043683089,4.949188232421875,9.039318799041212,62.180276683316386,92.4412841796875,184.84491195978234,20.83298110961914,0.8365880250930786,1
20260630_120148.jpg,15043.772612600587,0.225067138671875,87.70350646972656,5.103328704833984,134.0760955810547,63.73228454589844,89.48876953125,72.53793074211389,45.96541720733969,58.065627981873284,119.23347473144531,45.27009582519531,8.043299053872758,0.4121971783809416,5.1822967529296875,11.00019990070723,48.6986479952174,149.32960510253906,140.41612207380706,27.116125106811523,0.8862058520317078,1
20260630_120215.jpg,7286.0542791849,0.16864013671875,101.08389282226562,5.281220436096191,139.90370178222656,78.78224182128906,114.10060119628906,72.74206282189887,64.39084910103945,68.03513412905468,79.37060546875,53.426910400390625,7.9153139931261345,0.41004400589113943,5.04412841796875,9.10935029014945,60.815907178946844,149.39808654785156,109.89552035907607,18.159055709838867,0.8543018698692322,1
20260630_120327.jpg,7296.116790411761,0.1463470458984375,69.1527099609375,5.108943939208984,60.08326721191406,66.87330627441406,104.75001525878906,55.422562555580406,60.97045696603574,65.8407038494104,76.64906311035156,57.94331359863281,7.992931135414782,0.4272873445542761,5.17864990234375,9.916051741689444,57.039736055123385,148.5355224609375,110.09804721011595,17.664344787597656,0.8488436937332153,1
20260630_121228.jpg,8466.265765597811,0.20770263671875,98.80247497558594,5.312602996826172,106.01626586914062,91.49974060058594,117.38357543945312,67.76699724679109,55.85712162132977,59.45962560976588,51.971832275390625,94.99429321289062,7.886484344761846,0.4250798779586047,5.1150970458984375,10.079297225689515,57.53670995574671,97.27922058105469,118.31945145669552,19.74515151977539,0.8407595753669739,1
20260630_121316.jpg,3122.2936459444463,0.189056396484375,110.92208862304688,5.265626907348633,125.16703796386719,101.79461669921875,120.55917358398438,58.221383518683126,56.120602515306004,59.203836415290695,55.163726806640625,73.75198364257812,7.551302070332944,0.42681003332159584,5.0013275146484375,9.403791572665796,54.008106073201795,89.15548706054688,103.0725574920143,12.089617729187012,0.772530198097229,1
20260630_121453.jpg,3054.3991919176187,0.143646240234375,121.13322448730469,5.304769992828369,114.20321655273438,127.61549377441406,105.96603393554688,66.9920284666685,53.893317887720166,63.69466501552315,47.85688781738281,48.40324401855469,7.58170058208977,0.4201278924571377,5.1837615966796875,10.57339415117167,57.27052569745401,81.40542602539062,76.90977977778317,10.780838012695312,0.7629873156547546,1
20260630_121649.jpg,1542.830642681336,0.04193115234375,137.5614013671875,5.19468355178833,145.1415252685547,133.16648864746094,140.25738525390625,42.458288274252,52.958247374780214,60.24932638405251,26.714004516601562,35.21455383300781,7.03955012950094,0.39783894459140545,5.250946044921875,10.876540242694318,48.04472920146423,69.52870178222656,48.75108369252058,7.958127975463867,0.7229135036468506,1
20260630_122549.jpg,672.5794095685706,0.1012725830078125,148.64190673828125,5.035379409790039,153.6572265625,145.25538635253906,152.99630737304688,46.08817497030231,42.620173581834074,38.749216597251625,36.173797607421875,34.653228759765625,6.870301167312554,0.39911126530867447,4.924530029296875,8.543773277662694,42.85751053098135,28.267837524414062,55.84015850123994,5.168801307678223,0.6947630047798157,1
20260630_125551.jpg,4475.343367663911,0.225341796875,108.83430480957031,5.320043087005615,95.71783447265625,107.55258178710938,149.88031005859375,60.83244201500054,57.0472776605518,65.1042078433068,81.52168273925781,63.26164245605469,7.749978004325385,0.42753296870350554,5.0653076171875,9.864997610449791,55.48658297679523,104.20693969726562,116.40893507065368,13.813962936401367,0.8043028712272644,1
20260630_133626.jpg,3653.5755552367773,0.1466217041015625,101.60040283203125,5.2535319328308105,136.71963500976562,87.32023620605469,82.93928527832031,76.3225095663932,61.15747408445684,42.33821087361611,65.4534912109375,48.11322021484375,7.644700183424272,0.4241013650320768,5.1412200927734375,9.770599487936124,61.50453198481971,123.27545166015625,93.41851396983175,12.341383934020996,0.7936108112335205,1
IMG-20260630-WA0019.jpg,1347.3121287876274,0.03533935546875,173.1221923828125,4.903228759765625,172.64320373535156,173.32192993164062,173.32862854003906,40.595486581360774,43.35713041809732,39.55151471679453,18.532455444335938,31.040542602539062,7.164432311975679,0.3780414053662491,5.3142852783203125,9.126124055823311,41.76630699590604,18.366180419921875,40.61453696334349,7.2906694412231445,0.7916690111160278,1
IMG-20260630-WA0021.jpg,1919.1778036914766,0.0540771484375,167.71229553222656,4.927785396575928,169.4918670654297,167.824462890625,162.53213500976562,57.32952816453732,58.18778985019939,57.72249438019215,16.426467895507812,36.50309753417969,7.277357854886603,0.4014559751445065,5.5545196533203125,7.297961445292458,57.4451505139458,23.028335571289062,45.07840899330673,9.006497383117676,0.7578504681587219,1
